,帖子名称,作者,回复数量
0,罚进这球你才能活的话，看看你截到的是谁？,我是歌手蔡徐坤,9476
1,一直说三巨头夺冠，可是什么叫巨头呢？我曾经发起投票，可是很多人进来不敢参与！,飞天遁地大姚明,1242
2,韦德靠什么压的阿伦艾弗森啊！,jordan929520,1149
3,【乔丹究竟行不行】单核乔赢下系列赛须场均40+7+7，而1.0时期的詹姆斯只需要场均不到30分！,1989MJ,1106
4,某美媒评的历史最佳阵容，一二三阵实力相当啊！,溢洋宝贝,1059
5,还不内讧？看看森林狼全队，戏耍唐斯？,WEST蒙斯,1051
6,秀出你心目中的最强拉杆！,AIFYLHD,908
7,[流言板]安东尼谈保罗被交易：曾告诉过他待在那里需要小心些,虎扑篮球新闻,872
8,巅峰火花真不如字母哥,不做慕洋犬,806
9,终于轮到小助手了！大家对于最近社区反违规行动有什么建议吗,篮球社区小助手,786
10,[流言板]今日要闻汇总：乐福倾向效力开拓者，保罗等多人可被交易,虎扑篮球新闻,782
11,大家觉得杜兰特和莱昂纳德一对一谁能赢,123456BVLK,766
12,杜兰特在和詹姆斯的直接对话中2：1领先詹姆斯，为什么还有这么多人贬低杜兰特呢?,Ivhnl,750
13,大家觉得巅峰库里和巅峰保罗单挑谁赢？,大王叫我来涉猎,689
14,邓肯、鲨鱼、勒布朗出现在同一届选秀，谁会是状元？,hkzsw,689
15,巴特勒看数据也就这样，为啥到哪大环境都不错,囧囧QQ,668
16,乔丹哪些能力是历史第一？,虎扑JR0775127433,654
17,"[赛后]老鹰121-135热火，杨21+9,，纳恩36+6+4，巴特勒20+18+10，阿德巴约30+11+11",蒂姆关古威,651
18,安东尼：我在火箭的事情发生后 我告诉保罗要小心,用户0309365216,650
19,[话题团]伦纳德本赛季有效命中率为9年来新低，是自身状态不佳还是球队打法限制？,庄晓晨,649
20,大家好我是篮球社区小助手，答应你们的爆照来了！,篮球社区小助手,641
21,这图里的内线，浓眉能安排谁？,jordan929520,568
22,不懂就问，巅峰时期的加内特什么水平？,小詹皇go,567
23,就不明白了，威少22%3分命中率一场还要投6.7个,jerryni,563
24,詹姆斯来到西部了，为什么西部不狂野了？,卡哇懿,561
25,博古特总决赛16年受伤，对勇士的影响大不大？,西虹市首富不是药神,555
26,为什么詹姆斯吃taco不会说垃圾食品，周琦吃煎饼果子就说垃圾食品,法伊的春天,517
27,尤因的巅峰实力！,传奇重现,505
28,突发奇想，3fmvp与3mvp，哪个更强？,歌尽桃花深处,504
29,34岁的霍华德这弹跳什么水平？,雨尘晨辰臣陈,486
30,去年许多人说伦纳德锁死了字母哥？看看这场比赛给你答案,风中追风的迷踪岛,485
31,想问下火密 如果现在可以选 威少还是保罗？,迈阿密牛津,482
32,火蜜进来，有好消息,遍身罗齐尔,467
33,某美媒评NBA历史十大控卫，前二无争议！,溢洋宝贝,458
34,乔丹最美动作集锦！,变向哥,457
35,詹姆斯和小卡两个人的性格真的是形成强烈的对比,带娃,455
36,NBA球队总薪金榜谁最让你意外,玫瑰蒂,452
37,湖人和凯尔特人谁重建更成功！,欧阳忆月,448
38,保罗乔治和步行者17年夏天到底发生了什么，这里有史上最详细的分析。,光凉日暖,443
39,“麦”向高光-竞猜赢取T-MAC的最新系列球鞋,剑持勇,434
40,詹姆斯有哪些能力是历史第一？,虎扑JR0775127433,426
41,有一点不明白，湖人究竟怎么在狂野西部比第二多4个胜场的？,八一科比,423
42,卡特：或参加扣篮大赛结束职业生涯,墨香红尘醉锦风,415
43,如果这笔交易达成 雄鹿什么水平,就尽快上课,411
44,帮主的这个球，防守是不是已经到位了？,Grubby4K,409
45,不得不说，卡特的打法已经落后了时代,老大有伤,408
46,有图为证，林书豪处于外援最低档,孤独的Joker,407
47,快船想争冠，芦苇必须走,湖人老大波普,404
48,哈登的电动车从我姐面前过去，被我姐无意拍下了，什么水平,Marvin屏住呼吸,402
49,AD这么强 有被人打爆过吗？纯属好奇讨论,jaden_myaka,401
50,居然有人认为字母跟14杜兰特一个级别的,rubmousse,400
51,勇士那年总决赛mvp给伊格达拉是不是等同于热火三巨头夺冠时期fmvp给波什？,科比后仰像我,397
52,火箭想用两个首轮签交易到卡文顿zt,格小龙,396
53,美媒发问：二十一世纪以来的5支历史级别阵容，谁最强？,hlt20122,393
54,如果这6人一同出现在NBA扣篮大赛，夺冠概率最大的是谁？,詹林林睿,389
55,米切尔是不是真把自己当爵士老大了？,我打球像TraeYoung,386
56,邓肯的集锦真的很一般，为啥是历史第一大前锋,more磨,383
57,突然发现，詹姆斯来西部后荣誉簿上几乎为零！,偶像已死有事烧纸,381
58,给每个队加个名宿，谁能夺冠,解夏3950,378
59,有哪些球员的外形长相与球风不相称？,洛九,377
60,杜兰特算不算在巅峰詹姆斯头上拿了四个得分王,清道夫的面具,375
61,大家看好莫兰特成为下一个欧文般的人气王吗？,爱心绝罗j,373
62,为什么强如乔丹单场都过不了70分？,吴彦祖的长相,373
63,15-18年 到底库里强还是詹姆斯强？两人谁更有统治力？,uiui,372
64,威少和詹姆斯都属于靠身体打球的典范，为什么詹姆斯下滑速度比威少慢这么多?,这比赛真好看,371
65,为什么伯德这么早退役了？,心系马后看牛现看詹,362
66,罚进这个球，你才能活下去，看你截到谁？,哈登好牛逼,361
67,灌篮高手里人气最高的是投三分的三井吧。可现在为什么那么多人不要看三分了？,霍燕妮,354
68,浓眉大帝选一个作为建队核心，你选,素血染沙,350
69,NBA里最大的分量最重的荣誉难道不是总冠军？,带娃,346
70,烤肉姐什么水平？,牙太嫩饭特稀,343
71,都说詹姆斯统治了一个时代，那么他统治了谁呢？,带娃,342
72,在斯台普斯门口碰到张指导什么水平？,我住球哥家楼下,342
73,原来詹姆斯的周最佳月最佳才这点啊,冬瓜排,336
74,哈登今年如果夺冠能超越韦德成为历史第三分位吗？,科比后仰像我,330
75,法里德也就30岁，怎么打个CBA都费劲啊！,jordan929520,321
76,美媒列出小前锋、控球后卫以及得分后卫3个位置上的球员金字塔，哈登力压077独一档！,溢洋宝贝,319
77,为什么保罗183轻轻一跳就可以挂框，而我181使劲跳也摸不到框？？,持雳茜卖客各累迪,317
78,[赛后]掘金92-97不敌76人，巴顿26+7+7，恩比德22+10+6，哈里斯20+7+4,蒂姆关古威,316
79,有一说一，勇士也能算王朝？,BURNLLH35,311
80,为何现在联盟出不了一个像科比那样美如画的球员？,uiui,310
81,据报道，火箭队表示有兴趣交易来罗伯特·科温顿,哈登威少是CP,309
82,詹姆斯和哈登三分谁更好,嗨a志,309
83,哈登和四大分卫中的三位，是否已经并驾齐驱？,2009是我的篮球梦,308
84,乔丹经典过人——背身晃肩+超快启动,后仰无解,307
85,赛季21场，我宣布保罗复活辣,北大院风气,306
86,ESPN：现役的历史100大球星。,建议一个罚球算两分,304
87,终于找到詹姆斯被黑的理由了，他不是不强，而是,期待洛杉矶,303
88,挺好奇的，詹姆斯退役之后会是个什么风评,美好頔,303
89,论单核带队战绩，今年的字母哥应该是近10年最强了吧？,常规赛重拳出击季后赛频频拉稀,302
90,有点心疼威少。。。,威少捧着奥布莱恩杯尬舞,300
91,[经典回顾]巅峰“飞猪”的神威，巴克利抢七44分24篮板挺进总决赛,耶律,295
92,在造犯规这件事上，我觉得哈登最让人惊叹的是“创造力”,摆货机,293
93,多位经纪人抱怨：球员们加盟湖人得经詹姆斯的批准,不大动,293
94,突然发现，第一冠的詹姆斯实际上有两个绝境点,头顶一束绿光,289
95,官方驳回了火箭重赛请求.,我不是小小栓,289
96,Woj：骑士队开始听取凯文乐福的报价,紫金湖人国度,286
97,现役拿过MVP后卫防守端的荣誉加起来也没有保罗多啊,封号斗罗ig,285
98,湖人本赛季能得到73胜吗？,安个灯泡得了,282
99,ESPN：过去5年退役的10大球星,建议一个罚球算两分,282
100,[话题团]五战场均8.4分，约基奇的进攻欲望去哪儿了？,孟克_巴特尔,281
101,说个恐怖故事，奥尼尔的儿子2000年的，东契奇1999年的,醍醐蔡恩给你来个暴扣,275
102,凯文乐福倾向于被交易到开拓者,micqin,271
103,麦迪这球什么水平？,你也上网冲浪啊233,270
104,小卡合同会不会玩脱了,挥手说再见,267
105,如果篮网要交易欧文，能换来谁？,国服AD,267
106,不懂就问，罗斯绝杀这球是不是走步了？,Mr西门吹牛,266
107,热火这首发也太猛了吧,不懂虎扑球,265
108,鬼手林坤在国外惨遭骨头收集者黑手,yC91,262
109,世界三大运动分别是足球，篮球，排球，这个排名对吗？我觉得拳击可以排第三,第九个王,258
110,姚明被低估了！谁能想到他这么厉害！,飞天遁地大姚明,258
111,现在来看，湖人当年送走拉塞尔扶正球哥，是不是非常可笑？,布莱顿硬糖,256
112,退役8年，毕比现在这身材什么水平？,斯科拉暴力拉杆,254
113,伦纳德永远无法成为联盟的头牌。,浅挚绊离兮丨,252
114,历史上最可惜的总亚军是哪一个？,马刺巨星郭敬明,249
115,巅峰詹姆斯配一个巅峰加索尔，能两连冠吗？,莫雷有能耐你出来,249
116,有一说一，詹姆斯为什么不能做到得分助攻两开花？,梅西卡卡C罗库里哈登詹姆斯黑,248
117,巴雷特的罚球命中率竟然是联盟“第一”,历史第一分卫,247
118,凭超强天赋当选状元！欣赏大学欧文是如何打球的,大爱我梦,243
119,小卡签约必要条件已经明说了，必须答应背靠背轮休，必须用自己医疗团队！,湖人赢西决23,241
120,如果小卡当初选择留在猛龙，还会不会有这么多人骂,不好意思那,241
121,[流言板]生来为绝杀vs配得上胜利，罗斯别利察谁的采访更霸气？,虎扑篮球新闻,240
122,尴尬时刻！威少命中关键上篮后对观众喊道“比赛结束”,大厂郭艾伦,239
123,乔丹——无球也玩假动作,后仰无解,238
124,不懂就问，热火两连冠时期韦德波什表现是联盟前几的水平？,盗中之圣白展堂,237
125,为什么湖人当年可以打劫到大加索尔？,马鲁万费莱尼,232
126,大家觉得巅峰的本·华莱士 能够防住现在的字母哥呢？,我的前任是極品,232
127,乔丹的三分诡计,老球蚺,232
128,血布的身体比例太奇怪了,那我们走吧,230
129,欧文2017年对老詹意见这么大？,宋立拳,230
130,做一个现役球星球迷简单调查，看一下目前球迷分布。,詹韦之道GOD,230
131,美国网友西部全明星预测,爱吃爆米花的斯蒂芬,229
132,现在联盟还有能做出这些动作的分卫吗,Melo小可爱,229
133,克莱天王山和生死战的三分球水平,最耀眼的11号,224
134,有一说一，罗斯玫瑰为什么中国人没有黑子？,Blues乔丹,224
135,理性讨论，如果邓肯的位置改成中锋，他是否还能是历史前十？,威斯汀洛,223
136,所有数据都是欧文好，为什么黑欧文。夸丁威迪。,小如意7,221
137,莱昂纳德公开宣布背靠背继续轮休，取代詹姆斯成为头牌之路还远,安博体育777,219
138,字母哥必将统治联盟！并进入历史前十！,12844636该,218
139,巅峰韦德 VS巅峰罗斯！谁的突破更强？,太阳后卫booker,215
140,"如果赛季结束浓眉真拿了MVP+DPOY,詹姆斯是不是会被很多人说抱大腿？",开着拖拉去迪拜,214
141,巅峰兰多夫打傻大帝？,打到观众席的冠军,213
142,开天眼，你会选姚明还是小斯？,顺德人天下无敌,213
143,想问一下科比建立过王朝吗？？,马马龙龙爱泥沙,210
144,数据不说谎，蒂格真的应该给森林狼背锅么？,拉哥朗日,209
145,大家野球场上曾打出的最精彩的表现是什么？,Sraphim,208
146,詹姆斯为何生涯打挡拆被包夹次数这么少呢？,ESPN阿德里安沃杰,207
147,星城“闪击”，势不可挡！ #拿球说话#等你一较高下！,山下惠美,205
148,乔丹如果在这个时代打球，还能不能拿6冠5mvp 10得分王？？,大金刚勒布朗,205
149,柯凡的解说有什么优缺点？,遍身罗齐尔,205
150,新世纪，NBA门面传承是不是：奥尼尔～科比～邓肯～詹姆斯～库里～杜兰特～东契奇,实分和虚分,205
151,CBA薪水应不应该公开,名字不重要udhdh,200
152,卡蜜都是什么时候迷上卡哇伊的？,Leonard2014,199
153,不懂就问，朱八到底打球厉害还是打架厉害？,库球拉姆,199
154,GIF炉火纯青？哈登现在这种1V1后撤步三分什么水平,斯科拉暴力拉杆,198
155,韦德的突破为什么这么多人吹，看完你就明白了。,一网一网没有鱼,192
156,哈登的反射神经什么水平？,摆货机,190
157,换个角度看卡特当年扣篮大赛的扣篮。,我是人类的好朋友,188
158,英格拉姆这么好的天赋，为什么成为不了顶级球员？,小饱儿,187
159,理性讨论，不吹不黑，打7场谁能赢？,G拉塞尔威斯布鲁克,183
160,莫里斯为了区区500万刀对马刺背信弃义，结果如今逃不了被交易的命运，很后悔吧？,白泰官,182
161,名记：灰熊愿意用伊戈达拉换二轮签或长期合同,詹林林睿,181
162,为啥说OK、杜库的时候就是谁数据好谁老大，到了戴詹组合的时候就失效了呢,沾沾虾美眉锅,180
163,科比81分那天虎扑的反应是什么样的?服务器还好吗?,我麦带你飞,179
164,巅峰马布里是什么水平？有没有欧文库里强？,神选美少女斋藤飞鸟,179
165,12月10日NBA区违规用户封禁公示,篮球社区小助手,178
166,就目前来看，亚洲之光八村垒和新秀赛季姚明对比，谁更厉害？,威斯汀洛,176
167,哈登才193的身高，为什么能在巨人如林的NBA无解,地球梦,175
168,看球30年老球迷对比一下16勇士和96公牛！,jordan929520,175
169,现在看起来，湖人四少除了莺歌都是水货,可爱的老虎,171
170,我反而看好火箭进西决了,大梦方觉晓66,171
171,nba有哪些球员是像霍华德一样脸上一直有笑容的,芭比就是我,171
172,比卢普斯居然在猛龙打过球，这样的球员你还能想到哪些？,可以一战吗,170
173,老实说，莱昂纳德如今个人能力能排到第几？,可可西里的那只羊,168
174,芦苇什么水平，也打的太烂了吧这不被开会,一定要对老婆好,168
175,看看姚明的投篮热图什么水平,美少妇,166
176,问下老球迷，麦迪说这话是不是真的？,shark612,166
177,你知道哪些球星正能量的事件？,KingBlock,164
178,詹姆斯第二次出走真的为了学区房吗？,偶像已死有事烧纸,164
179,特雷杨是合照狂魔阿 小时候就和两位超级球星合影,TaylorHerro,162
180,西亚拉姆顶不动哈登,我叫陈嘿嘿,162
181,国产版东契奇,Darker23,159
182,小卡要回来领戒指啦！雅虎体育记者追忆小卡：“乔丹式的季后赛表演”！,idyller,159
183,霍华德再次亲吻篮筐,Bronny和Gigi,159
184,勒布朗的周最佳越来越难,那些年混过的兄弟,159
185,[赛后]尼克斯87-115开拓者，利拉德31+6，安东尼16分，白边17+15，兰德尔15+7,蒂姆关古威,157
186,乐福啊一个高不成 低不就的球员！,就Ta妈祢叫夏洛啊,156
187,资深老姚密来说一下巅峰姚明无法成为冠军中锋的原因,小小mei,155
188,乔丹也多少吃了一点时代的红利吧,reporters,155
189,罚球命中榜，第一名拉开第二名一百多个。,水瓶座的猫l,155
190,[字幕]里弗斯：当年在凯尔特人曾一口气直接轮休三巨头，现在这已经是联盟一部分了,不剩菜,152
191,都说乔丹在这个时代打球场均40分，现在场均40分出来了又不认账了？,聲鉍閎,151
192,我觉得科比的历史地位被严重低估！,仰视人物詹姆斯,150
193,科比、詹姆斯这两球的对比,huangdi的新衣,149
194,09年姚明报销后，火箭是怎么跟湖人打成2胜2负的,marion28,148
195,倒计时4天！NBA交易市场即将开启，预测可能发生的大交易,太阳后卫booker,147
196,魔术师的历史地位是不是被低估了？,仰视人物詹姆斯,147
197,聊聊这赛季下滑严重的球员,南海岸的热火,147
198,"14年勒布朗回家欢迎仪式
太感人了",鑫仔噢,146
199,理性讨论，森林狼算不算强队！,打对手的脸,146
200,小卡怎么了？,滑倒冠军,146
201,说说2K20相比2K19的不同之处,虎扑JRS之王,145
202,如果巅峰老詹和巅峰阿杜联手的话？,仰视人物詹姆斯,144
203,詹姆斯得分联盟第八了,建议一个罚球算两分,144
204,西部今年怎么了?马上掘金和独行侠也要掉队了。,超巨007,142
205,詹姆斯不会真的一生拿不到一次西部周最佳吧？,偶像已死有事烧纸,141
206,都说2k挤牙膏，但是变化还是很大的。,你根本防不住我,141
207,一次看过瘾！14分钟回顾美国男篮历史百大进球,大爱我梦,141
208,幸运之子！76人一球迷被选中送球衣，然后求婚成功,斯科拉暴力拉杆,139
209,还是厉害，弗雷戴特21分5助攻率队大胜全场集锦,斯科拉暴力拉杆,136
210,湖人来了个浓眉从10到1，独行侠复出个波神从14到2，到底谁带队呢？,MSC7,136
211,今年会不会出现两支70胜的队伍？,ZBYallEn,136
212,恢复良好！克莱-汤普森球馆参与投篮训练,斯科拉暴力拉杆,134
213,字母到底比浓眉强在哪里？,Landy168,133
214,[流言板]明日客战猛龙，科怀-伦纳德、保罗-乔治均将出战,虎扑篮球新闻,133
215,科比最大的弱点是什么?,19届状元秀Zion,133
216,最强的女篮运动员 能打上NBA轮换吗,土味阿黑,132
217,快船现在就差一个保罗来掌舵了？,用户1202520826,130
218,感觉中国男篮跟尼克斯有的一打啊，尼克斯打的真是太菜了,火箭输谁不输湖人,129
219,科比承认04年总决输球是他的责任，我觉得原因是科比太想获得FMVP了所以大量出手。,King玖叁,129
220,看来中外网友对蒂格的看法是一致的,波篮铁琦,129
221,魔术师不得病，乔丹能否稳居历史第一人？,三三两两一一一,128
222,詹姆斯的超远三分史上最帅？,NS5,127
223,各加一个历史巨星你们认为这里面哪支球队最有可能夺得总冠军？ ​​​,紫金王朝17冠,127
224,GIF可以确认恩比德有内功,KITE_TnT,127
225,有句讲句，老卡特这什么水平,萌神奏似准,126
226,半场巴特勒这出手数什么水平？,沉默才煽情a,124
227,有一说一，库兹马算不算角色球员里粉丝最多的球员？,二年B班张老师,123
228,美媒评选NBA每十年TOP10，邓肯鲨鱼无缘榜首！,溢洋宝贝,121
229,如果05-06赛季科比和姚明合作，当年的湖人有机会拿总冠军吗？,理性老詹吹,121
230,说实话，哈登能把罚球稳稳罚中也是很难的,托尼托尼帕克9,120
231,有一说一，字母哥压不了詹姆斯压杜兰特可以不？,马马龙龙爱泥沙,119
232,热火这冒出来的几个年轻孩子都是谁啊，太牛了吧,篮球毕加索,119
233,作为詹密，最近有点想看杜兰特打球了。,詹姆斯搬砖一个月能挣多少,117
234,空中画个圆！乔丹当年野球场上演逆天滞空上篮,大爱我梦,116
235,原来八个罚球可以排到联盟第六,花泽香菜是我老婆,116
236,[流言板]一周常规赛各主场拉拉队图集：千娇百媚，仪态万千,虎扑篮球新闻,115
237,新名词，詹姆斯王朝,虎扑JR1104692691,114
238,历史最强阵容是不是 皇神杜梦鲨？,Landy168,113
239,哈登如果终生无冠，退役后历史地位能越过加内特吗？,上海师范大学shnu,113
240,[流言板]美女特辑：快船拉拉队员——驻唱歌手Zarenae,虎扑篮球新闻,111
241,库里2018总决赛四场，有三场是全场最佳球员，数据比杜兰特好。,三三两两一一一,111
242,【翻译】季后赛贡献指数（Playoff Success Shares），彻底消灭“唯冠军论”,UltraFast,111
243,威蜜进，进来看看威少的十佳球,不喜欢杜兰特,110
244,Handcheck不能成为80.90年代不会投篮者的遮羞布,乔丹真牛逼啊,110
245,我这号声望怎么平白无故加了1000？,本拉豋,109
246,横贯半场！詹姆斯热身时这记橄榄球式传球什么水平？,鹅城格里芬,109
247,只比巅峰，穆托姆博和姚明谁更强？,金州杜兰特2020,109
248,球哥应该尽快寻求交易，不能在浪费榜眼天赋了。,科比后仰像我,109
249,詹姆斯和杜兰特才是最搭的组合吧？,桐桐桐0305,109
250,都贵为榜眼秀 算不算拉开差距了,不晓梦圆何处,108
251,王朝究竟是什么？几年几冠？,虎扑JR0642394013,107
252,想进入历史前十，是否必须是攻防一体的球星,威斯汀洛,107
253,西部10大小前锋，你认同么,建议一个罚球算两分,107
254,老詹生涯队友排名,勒邦3冠,104
255,从真丑到真香？詹17越看越好看,芃泓丶,104
256,Feigen:火箭注意到:拉塞尔·维斯特布鲁克越来越舒服了,哈登威少是CP,103
257,火箭这个四方交易怎么样,哇好大的咪咪啊,103
258,十年前后的球队对比照，看看你还记得哪一个,紫金王朝17冠,103
259,最近有人在质疑这些年的西强东弱？？？,从前的后来,102
260,老詹甜瓜的最佳新秀争议大，还是科比保罗的mvp争议大？,季后绝杀王,102
261,总决赛的一哥和伦纳德到底有没有限制住詹姆斯？,背锅侠霍华德,101
262,理性讨论，天勾贾巴尔和勒布朗詹姆斯谁的历史地位高,人民日豹,100
263,伯德：曾以为乔丹独一无二，直到詹姆斯出现才知道篮球之神不只有一个,jr是泰伦卢儿子,99
264,细思极恐，勇士这手牌打的也太好了。,我追求速度,99
265,绝对客观！本赛季前十球员排名！,蘇小魂秒杀乔峰,98
266,恩比德最大的问题是身体素质一般吧？,睡死的猪宝宝,98
267,2017年选秀大年的前4顺位，3个水了，什么水平？？？？,球球是只大美短,97
268,[前瞻]伦纳德重回多伦多，双十二你的总冠军戒指到了,Likislhy,96
269,NBA有哪些出柜的球员？,风野之籽,96
270,今晚腾讯直播这妹妹是谁啊？,ptlwan,96
271,有早期就看詹姆斯打球的jr解释一下为什么詹姆斯不参加扣篮大赛,库里联盟最强没有之一,95
272,老哥们，12号想整几双签名或者实战鞋，有什么推荐吗,mnb999000,95
273,[赛后]灰熊110-102勇士，莫兰特复出砍26+7，伯克斯18+7+6，拉塞尔18+7,蒂姆关古威,95
274,假如今年湖人夺冠，对魔兽的历史地位会有多大提升？,铭轩5233,95
275,GIF-三个角度欣赏本赛季巴特勒对阵骑士时一个吊炸天的极限一防二,巴斯光年BLYEAR,94
276,求求詹姆斯别秀自己的翻身跳投了，铁的让人尴尬,牙签戳眼球,94
277,为啥没有人夸奖湖人主教练沃格尔？？,虎扑JR1653741319,92
278,【球星专题】无锡女球手沈慧钰：女生可不是看客，我随时准备上场,路人王,92
279,特雷杨到底是什么水平的球员,JamesLakers,91
280,哪支队能打破勇士常规赛胜场记录？,LA没有黎明,90
281,你知道的最瘦的球星是谁？,托尼托尼帕克9,90
282,湖人不应该耽误库兹马，交易将达到双赢，这三支球队适合他,安博体育777,89
283,李克指导最近干嘛去了？感觉好久没有解说了,勇士控球后卫库里,89
284,怎么现在太阳没人吹了？赛季初都吹上天了！,情怀被狗吃了,89
285,哭了！鹈鹕因状元签4换1，现在状元报销了……,吐槽篮球_TC,87
286,有一说一球哥鲍尔这水平，20场吃一顿饺子，4成命中率队他来说是超长发挥～,麦迪关门弟子绿军杰伦布朗,86
287,艾弗森这拉杆有人做过吗？,范丞丞,86
288,理性讨论，为什么罗斯和卡特现在还能投出这么多绝杀球，而安东尼却不能？,无欲季节,85
289,哪个年代的联盟第一第二人联手，最有统治力？,小孤山,85
290,22岁，身体硬件一流的年轻球员，差点就180俱乐部，水鸟想啥呢？,湖人2号欧文,85
291,突然翻到以前一张照片，有点感慨啊,L科比布萊恩特A,84
292,2012美国梦之队内部对抗视频！,虎扑JR1322745515,84
293,[话题团]巴特勒+阿德巴约同时获得三双，你还知道哪些同队同时获得三双的球员？,庄晓晨,83
294,你印象中2019体育圈都发生了什么大事?,历史第一mj,83
295,都进来给劳资吹，49投32中，65.3%的投篮命中率，合砍82分，还有谁！,妮好sao啊,83
296,詹姆斯全明星还追防科比这么紧 真可谓惺惺相惜,正健投资CEO,83
297,说实话 阿杜联手韦德 欧文不比詹姆斯差！,uiui,82
298,各个球队的队史第一人，是否客观？,三三两两一一一,81
299,乔丹91年总决赛场均11.4次助攻，其余五次场均最多6.5次助攻，他是不是故意的？,想多了少年16,81
300,70分先生，才是一个被高估的球员～,峨眉道士,81
301,蒂格缺阵的时候 维金斯场均32+5+6 命中率56.7 在的时候维金斯场均23+4+3 命中率43,渴望雨过会天晴,81
302,别利察绝杀之后，国王官推：“有本事抗议这个啊”,XG魔王,80
303,我们看NBA是看球技还是人品？,登一个FMVP,80
304,哈登场均13.8次三分出手什么水平,开车才能拯救中国人,79
305,皮蓬谈东契奇与乔丹的对比：东契奇已经拿到6个冠军了？,詹林林睿,77
306,雄鹿正负值太恐怖了，前十有五人,请选择输入法,77
307,dy刷到一个哥们真的强，这水平可以打爆百分之九十jrs,大絮安叨,77
308,雷迪什真的是我的欢乐源泉,你想我取个啥名字,76
309,如果榜眼是这个水平，我开始有点不看好胖虎了。,偶或间却,75
310,12.11火箭新闻综述 火箭有意克劳德卡温顿 队内伤病只有8人训练。,哈登威少是CP,75
311,八村塁在灌篮高手里的定位,罗得赞,75
312,东契奇现在就是联盟第一人！,文章_123,73
313,【身高2.11米的字母哥】若认真练习短跑，能否刷新【身高1.96米的博尔特】的短跑记录？,热火杀神,73
314,如果詹姆斯现在其他不变，中投手感和杜兰特对调，三分手感和库里对调，还是35岁,山里屯饶舌教父,73
315,詹姆斯总决赛胜率低是不是说明其打法存在缺陷,顺德大雕哥,72
316,发一组白马长枪特雷西，高清zt,银勒个月丶,71
317,细思极恐，历史单挑王会不会是大梦？,佩奇猪刚鬣,71
318,我是如何蜜上哈登的,老是让我起昵称,70
319,大家对滞空性是怎么理解的呢,Imba_GuYan,70
320,一张地图看清全球16个主要体育项目的地域分布,博尔特的跑鞋,70
321,湖人今年不会真能拿50胜吧。。,imaTroll,69
322,伦纳德可能创造历史第一个人王朝,名宿的品格NIGUU,69
323,湖人用凯尔.库兹马换热火邓肯.罗宾逊谁赚谁亏？,用户0957769891,69
324,大家来说下联盟中的各种曼巴！,地铁八通线,69
325,裁判是真的硬气，我是服了,大胡子灯登,69
326,不开玩笑，森林狼想进季后赛，应该要交易保罗来,拉风的丶昵称丶h,69
327,现役球员谁的三万分概率最大,hsjfhhs,68
328,今年东部这么强，内耗会很严重！,小瓶盖喵了个喵,67
329,理性讨论，湖人今年夺冠对詹姆斯历史地位加成有多大。,你又累了,67
330,谁是历史上最伟大的球星？,INICE,66
331,理性讨论，下面这几组阵容谁最强？,爱骑电动车的登哥,65
332,真替安东尼感到不平,我真是节奏带师丶,65
333,大家觉得我这投篮姿势标准么，有么有安东尼的味道,含恨,65
334,吴冠希和张常宁如果生个男孩天赋是不是参考姚明！,jordan929520,65
335,现在的波波维奇和科尔是不是证明了，没有超级明星，教练作用就很鸡肋？,开着拖拉去迪拜,64
336,雷霆四少如果是一个人，这些荣誉积累能不能杀到历史第二？,少林寺张无忌,64
337,为什么街上都觉得詹姆斯没篮子,小咧咧,64
338,2k库兹马的脸是什么水平？完美还原现实,闺女,64
339,核心总冠军绝对比MVP重要多了。,非常浪1,63
340,球星能力排名  JRS们怎么看,热哦特出,63
341,打破不合传言？哈登ins给保罗点赞,Sp1k3,63
342,隆多是不是过分了？,阿里88马云,63
343,暖心！小朋友社媒感谢老詹创办I PROMISE学校,不大动,63
344,米切尔是一个好的建队核心吗,金雯昕的男朋友,62
345,【讨论】乐福会去哪儿？,Mvb13Feng,62
346,想知道当年把科比排前五的都什么媒体？,冬_小_麦,62
347,证明乔丹的组织能力拿89年季后赛的成绩证明不就行了,123jstcsjx,62
348,来好好说一说追梦这个球员,StephenAngelo,62
349,火箭打算交易到卡文顿 乐福倾向于被交易到开拓者zt,格小龙,62
350,魔术师当年下跪求迈克乔丹复出，可男儿膝下有黄金，这也太过了吧，中美文化真的差异这么大吗？,2009是我的篮球梦,61
351,假如给你10w人民币，但是让你这辈子发自内心的不再黑你讨厌的球星，能做到吗,日你个温,60
352,[话题团]三战71%命中率场均砍下13分，格雷森-阿伦展现杜克射手风采？,孟克_巴特尔,60
353,字母歌的投篮图，感觉季后赛还是吃力,轻描淡冩,60
354,历数最近10年没冠军的顶尖后卫  保罗罗斯德隆哈登威少,落叶才知秋,60
355,现役第一大前锋字母哥还是稳的一批吧,我干过oooo,60
356,我认为最强常规赛球队是16勇，最强季后赛球队是17勇，同事嘴硬不同意,我干过oooo,60
357,兄弟们，日本德比也要来了……,文斯卡特Vinsanity,59
358,[多图预警]NBA现役巨星生涯第一个运动战进球！,可以随时修改,59
359,[战术观察室]牛角战术实况展示，马刺带你体验电梯之旅,ChereAura,58
360,为什么雷霆那么轻易放走了乔治,宋立拳,58
361,【多图流】詹姆斯哪一个传球让你大吃一惊？,墨香红尘醉锦风,58
362,为什么太阳队叫做神医队，是不是因为普遍太阳队员职业生涯长？,kawhi吴,58
363,都说科比前三连是因为奥胖，让科比搭档狼王邓肯司机能三连吗,uiui,58
364,NBA交易市场4天后开启！詹姆斯前队友遭争抢，湖人盯上一条大鱼！,段子侃篮球,58
365,个人觉得 快船现在就缺个中等  不占球权的组织者 我大胆猜测的中期会交易,Chrispao33,58
366,有感而发，高中时期坐在那排的学生是混的最好的？,烂仔boys,57
367,可惜了雷霆这么多得分王,我威雷霆必夺冠,57
368,现代篮球中，你心目中最强五人组是谁？,桐桐桐0305,56
369,看球晚，这就是你们说的湖人三巨头吧,赵今麦的男人,56
370,就天赋而言 易建联和周琦谁更高？,霍师傅和字蛛侦探吃火锅,56
371,预测季后赛东西部各八强,乔丹的小球迷,56
372,觉得掘金应该交易了,魅力泉,56
373,热火真就四个人干了一个队啊我的妈,詹黑们请证明你们很行,55
374,火箭在1秒内同位置（右侧边线球）被对手3投3中，绝杀3次了,霍燕妮,55
375,安东尼为什么没有拿到最佳新秀？,布莱顿硬糖,55
376,想聊一下关于哈登罚球被黑的言论逻辑问题,杰昆,55
377,我来收图了，秀出手机里你最喜欢的有关nba一张图片。,喜欢看nba的小伙子,55
378,对现在的黑子越来越失望了,你的隔壁小许,54
379,现在看来去年猛龙的操作并没有多厉害，就是赌徒心态，运气好赢了而已,大汉羽林军,54
380,有哪些以前叫过的的球星外号，现在没人叫了？,无忧划过,54
381,利拉德、cj、安东尼、乐福、白边，着阵容怎么样？？？,持雳茜卖客各累迪,54
382,这张投篮热图什么水平？算不算顶级射手？,天空熊,53
383,烤肉姐采访海沃德,KG---MVP,53
384,来谈谈杰夫蒂格到底个什么样的球员,EpicSax,53
385,有一说一  蔡恩上限在哪,我是威迷,53
386,阿隆戈登，如此低效率的球员，魔术这大合同也是白给了,全力詹总决赛再发力,52
387,2016年的杜兰特和2011年度詹姆斯,陈小翊,51
388,黑天鹅事件——保罗能被交易走吗？,58岁的老皇帝,51
389,看了詹皇13-14赛季原声集锦，身体和技术都达到了巅峰，为何总决赛输了马刺？,AIkneepain,50
390,放开抡！森林狼卡尔弗的哥哥在大学比赛里单场砍下100分！,美工张铁牛,50
391,辣个男人还差4次就能追上他的偶像了，他才30岁，职业生涯之初还打了3年替补。。,11号归来,50
392,还有这种操作,神之艾尼路,49
393,理性讨论，乔丹来到这个时代还是能压制所有人吗？,公子冶,48
394,去医院看病，对医生的称呼是什么比较好？,电动车别叫了,48
395,你因为什么会黑一个球星10年甚至更久？,梅西卡卡C罗库里哈登詹姆斯黑,48
396,大学篮球，这波集锦什么水平,3号要有梦想,48
397,库兹玛的处理球能力为什么比科比差了这么多,武汉大学招生办,48
398,理性讨论为什么强如韦德没有mvp,哦麦,47
399,勇士这套历史阵容什么水平？,kratoszzz,47
400,不是，杨毅老给衣服上别个这啥意思？,Reventon16,47
401,你第一次听到科比得81分是什么反应？,金州杜兰特2020,47
402,哈登的个人能力,石臼湖边,47
403,大家觉得杜兰特下赛季是怎样的表现？,詹眉科,47
404,哪个球员最擅长这种单手胯下运球,那就这样吧zyp,47
405,在朋友圈看到一张詹姆斯的图片,BamChan22,46
406,灌篮高手当年的角色人气排行榜其实是这样的,马木甬,46
407,为啥弱队输球一般开角色球员的会议，强队输球一般开核心球员的会议？,风中舞剑,46
408,如何评价杜兰特在勇士的三年职业生涯,拉风德名字,46
409,罗斯也可以算是“装逼”王者级了吧,zeke10,46
410,保罗的下一站在哪？,丶肾叼仔,46
411,作为一个科密，工作中看到这个我笑了！,这个名字肯定有用,45
412,新闻 火箭有意考文顿,出猫唔好太高分,45
413,甜瓜最近2场怎么了？,湖人老大波普,45
414,巅峰姚明和现役哪两位球星组三巨头，能够让现在的联盟各队都忌惮害怕?,卡卡西是鸣人的老师,45
415,雷霆总经理普雷蒂斯到底是什么水平的经理。,基不攻和纳不防,45
416,波神这投篮热区什么水平？,狂揽七冠王,45
417,[话题团]近六战超高命中率场均22分，施罗德朝着最佳第六人发起冲刺？,庄晓晨,44
418,（视频）魔术师当年对着镜头下跪请求乔丹复出。,拉瓦尔波尔,44
419,勇士现在西部垫底，库里如果痊愈了这赛季还会复出吗？,开着拖拉去迪拜,44
420,推特晒出2019全球最受欢迎的NBA球员！科比退役仍然上榜,小唐国,44
421,[流言板]韩曙光：毕业两年后，终于专业对口找到了工作。,大妮的助理,44
422,罚进这球你才能活，你截到了那个球员帮你罚球？,周小周的恋人,44
423,詹姆斯在克利夫兰的地位,1512770890,43
424,理性讨论 01科比 和14伦纳德 08皮尔斯谁强？,uiui,43
425,詹姆斯是不是历史上唯一可以摸到篮板上沿的球员？有图有真相！,天琴座的秘密,43
426,阿伦这一球也太帅了吧，超级冷静。,骑士队杜兰特,43
427,未来的门面，肖华苦苦等待的原来是他。,爱看老詹球的山宗,43
428,没看比赛，能告诉一下这几场哈登为啥没罚球了？,凯文杜兰特1213,43
429,哈登相对06科比87乔丹场均得分高出手少，这能说明什么？,虎弟低调解球,43
430,这个大炮已经凉了吧,带带大失兄,42
431,你们买得最值关于篮球的东西是什么？,落花情a,42
432,卡鲁索和当年的德拉维多瓦谁更厉害？谁更适合詹姆斯？,用户1202520826,42
433,嘿嘿，现在没人，推荐几部比较好的篮球小说,3分联盟,42
434,本赛季20+10俱乐部仅4人,股本,40
435,如果林书豪加入中国男篮，他和易建联谁是老大？,那一缕紫金,40
436,球风劲爆不惧对抗！15分钟回顾莫兰特大学高光表现,大爱我梦,40
437,东契奇剃了胡子后，这几场真是打死也没哨啊,布莱顿硬糖,40
438,是不是用现在的眼光，乔丹的高难度上篮是不是都是铁憨憨行为？,嗜岩者,40
439,西部强队东游打东部强队几乎全输说明什么？,我是你大野野,40
440,有一说一，卡，字母都还够不着詹,好巧六一儿童节,40
441,我一个球迷都能看懂，更何况NBA业内人士了,汤仕洋,40
442,兰德尔着实让人失望了，一直认为他是穷人版的卡尔马龙,喜欢给杜兰特tian脚,39
443,有大佬给我盘点一下大鸟伯德的装逼故事吗,祝老大早生贵子,39
444,后詹姆斯时代的热火，为什么没有骑士一样一蹶不振？彻底鱼腩化？,篮球毕加索,39
445,【伊戈达拉】除了独行侠，我不认为有更好的选择。,德利谟里克,39
446,谁打球的技术动作最好看？,huangdi的新衣,39
447,不懂就问，NBA历史上有哪些球员开赛前被誉为第一人，开赛后被啪啪打脸的？,一罚不可收拾,38
448,巴特勒和欧文谁更强？,air_ball1,38
449,问问詹密们,坚强的比克,38
450,热火三巨头3人30+10拿下比赛！,吹牛逼少年,38
451,乐福一无是处？,LBJ辉太狼,38
452,开天眼选秀，2011-2014骑士的那7只签位,阿玛雷斯塔达迈尔,38
453,08中国队跟今年的勇士队哪一组更强,建议一个罚球算两分,38
454,我觉得唠嗑真正遗憾的是没有跟邓肯组合,日你个温,38
455,我这个阵容能拿多少个冠军，10个有没有！,沃是卢卡东契奇,38
456,NBA历史出场次数超过1500次的球员,爱吃爆米花的斯蒂芬,37
457,目前来说历史地位 司机 库里 杜兰特是不是一档？,举世无双大胡子,36
458,我看狼区都支持以迪哥为主体换保罗，还要加首轮，这是认真的吗？,火箭输谁不输湖人,36
459,基德和纳什谁是21世纪前十年第一控卫,威利斯_里德,36
460,恩比德对位约老师真的是……,神龟阿杜搞暧昧,36
461,詹姆斯，奥尼尔，拉塞尔，费舍尔，四大神兽同时参加选秀，谁是状元,建议一个罚球算两分,36
462,大家屡屡说詹姆斯被一哥豹纹卡哇伊限制了，为何没人说科比是否被限制过？,梦之想,36
463,巴克利:詹姆斯·哈登是有史以来最伟大的NBA进攻球员《随后更改为这一代》,哈登威少是CP,36
464,楼主女朋友是湖人球迷，楼主是快船球迷,建议一个罚球算两分,35
465,加时18：0，你敢相信这是加时赛么？,笔牧愚,35
466,瓜吼瓜叫！安东尼对曼恩喊道你投TMD,斑马走了,34
467,詹姆斯做为历史第二人是有争议的，那么至少做为外线第二人应该是没争议的吧？,詹皇西狩,34
468,同样是奔着两连mvp去的，字母哥跟当年詹姆斯人气咋差这么多？,用户1202520826,34
469,当年西部第一的小牛为何会被上演黑八奇迹？,恐欲,34
470,NBA哪几个球队从来没有出过得分王或者MVP？,零九年的詹姆斯,34
471,关于火箭要得到考文顿,用户1452261281,34
472,经历了那么多事件后，大家目前对“火箭队”是什么态度？,青葱岁月已过,33
473,卡特1500场 NBA历史第五位 致敬！,詹眉戴姆斯,33
474,都是巅峰，打5局4胜，哪组胜算更大？,我爱吃牛肉果条,33
475,伦纳德将会成为外线防守悍将历史最强标杆,风筝与海,33
476,Stephen A.Smith：尼克斯对湖人助教基德非常有兴趣,hlt20122,33
477,詹姆斯: 2011年输给独行侠之后我开始注意心态方面的锻炼,Mvb13Feng,32
478,本赛季雄鹿湖人73胜或者勇士73败哪个概率高？,前世繁华后世斑斓,32
479,来骗点图，有哪些NBA相关图片是你一直收藏着的？,虎扑JR0775127433,31
480,字母哥按照这个势头，生涯结束估计要顶上历史第一大前是位置,日你个温,31
481,14詹姆斯怎么不放开抡？,所以订购,31
482,模仿拉文罚球线小风车扣篮，弹跳好就能为所欲为吗,诺澜与诺兰,31
483,18：4，还有比这更残暴的加时吗？,全力詹总决赛再发力,31
484,本赛季西部15大控卫，你认同么,建议一个罚球算两分,31
485,理性讨论，浓眉和鲨鱼哪个腿更粗,全国人民的楷模,31
486,[数据酷]东部最佳内线组合？特纳和小萨博尼斯双塔威力逐年长进,孟克_巴特尔,30
487,"默里这种都能签3000W,掘金是不是脑子有问题?",Lorres,30
488,交易截止日开启还有4天 猜猜这些球员的我下家,OKC无敌神龟,30
489,乐福季后赛对凯尔特人和步行者数据,eaglehiver,30
490,告诉大家一个事实，詹姆斯已经快四年没赢过小卡了,虎弟低调解球,29
491,猛龙上赛季没有小卡季后赛会走多远,不好意思那,29
492,两组对抗，你更喜欢看哪种,改名卡被我随便用了,29
493,不懂就问，乔帮主当年太累了吧？,flypupu,29
494,字母哥和霍华德,那年我和科比单挑,29
495,约基奇好像态度有点问题啊,伊巴卡的恐惧,29
496,今年的状元,德马必死丶考辛斯,29
497,双脚起跳才是不走步的上下步！,虎扑JR1118091669,29
498,有没有人在看cctv5的乒乓球啊  日本队这个女孩子好可爱啊,于老师的丁字裤,29
499,你最喜欢哪个球员的英文名字缩写或者英文绰号？,库里浓眉大威少,29
500,周琦这记扣篮什么水平？,取ID困难症,29
501,看过基德打球的人能进来说说，基德究竟里还在什么地方？,田园诗人,28
502,近10年mvp数据表，怎么说？,历史第一mj,28
503,GIF炮主席这次戏耍戈贝尔什么水平？,KITE_TnT,28
504,浓眉和字母哥谁更强？老眉蜜来说说看法,K.zh,27
505,巅峰的考辛斯和恩比德谁强？,睡死的猪宝宝,27
506,乔丹的球迷说说什么时候看的球,小心已碎,26
507,魔术师巅峰23.9+6.3+12.2，保罗22.8+5.5+11.0，老詹打控卫25.9+6.8+10.8.什么水平？,罗是C罗的罗,26
508,乔丹：谦虚热爱让我成功,索恩玛克,26
509,湖人用这个方式得到伊戈达拉怎么样？,布莱顿硬糖,26
510,35岁的詹姆斯快攻,开车才能拯救中国人,26
511,说到集锦第一人，应该是韦德了吧,marion28,26
512,新球迷问一下，连续四年总决赛，四年两冠的热火不是王朝吗,莺歌真小帅,26
513,8000分第一人这个称呼是怎么来的？,脆脆脆膝,26
514,德安东尼:相信火箭和哈登可以克服这些防守策略,哈登威少是CP,25
515,詹姆斯去热火找韦德拿mvp，被说抱大腿。浓眉去湖人找詹姆斯，为什么却说詹姆斯抱大腿？,开着拖拉去迪拜,25
516,历史前十，湖人占六席！,TDK23,25
517,小南老师一直都是辣么好看,妖艳芬芳,25
518,格里芬这个命中率什么水平,melondian,25
519,刚打完球，坐在会议室里，老詹23号附体，湖人总冠军,孔雀胆10321,25
520,喜欢帮主没问题，我也喜欢，但是能不能别逻辑倒置。,jimanna2011,25
521,威少现实能不能也扣翻字母哥,魔术新秀班巴,25
522,打球吗，身上挂个人很正常哦,陌上花开r,25
523,开拓者可以以杯子猫为主题进行乐福的交易,17fmvpkd,25
524,绿军感觉看阵容也不强，为何能赢联盟大部分的球队？？,球球是只大美短,25
525,哈登应该是21世纪最强探花吧？,威少真得很强,24
526,骑士队队史十大球星，有点寒颤！,仰视人物詹姆斯,24
527,看看乔丹公牛时代的11个完整赛季都做了些什么吧？,HansenJordan,24
528,假如，拿下考温顿，火箭的终极五小,天生赢家伦纳德,24
529,森林狼打的什么玩意？,雨云Jay,24
530,篮球智商太重要了吧，超级巨星必不可少,潇洒神,24
531,如果火箭想得到哈雷尔，快船会要什么筹码？ 旧将阿里扎今天又要投死火箭，抹泪坑,哈登MVP谢谢看轻我,24
532,关于摆烂，雷霆为什么不能学学热火？,托尼托尼帕克9,24
533,别人笑我太疯癫，我笑他人看不穿！,报团六亚王,24
534,历史前十控卫排名，魔术师居首，库里第二，控卫之神杀进前五zt,封号斗罗ig,24
535,恶搞视频!当库里单挑詹姆斯!纯属娱乐!,King玖叁,23
536,刚看了个图片，真的笑出了声！,徐小魔魔,23
537,21世纪最震撼的常规赛/季后赛/总决赛表演top3,且慢让我来看一看罢,23
538,不要查资料，猜猜他是谁？,您的昵称已有人,23
539,NBA中你觉得有哪些球员是属于网红球员？,用户0957769891,23
540,安东尼还能得三万分吗？,我的国家养活了14亿人,23
541,‘第一人’到底是个什么荣誉。,难免的经,23
542,新一代篮球美少女代言人海莉！1米75大美女！,足球娃娃酱,22
543,六大三万分大神职业生涯对比,吹东皇西帝Goat,22
544,别拿77当枪使。。。,格斗鼻祖程龙,22
545,猜猜当时她在想什么,林立莅临,22
546,书豪怎么31了还是单身啊,雪纷纷旧故里草木深,22
547,为什么保罗今年领军雷霆可冲击季后赛，去年却倒在无杜勇面前？,W_0630,22
548,像杜兰特这么优秀的男人，为什么到现在都没有结婚呢？,虎扑JR0070399222,22
549,狼队教练真是第一教练,捅烂钢板,22
550,裤子马波普能不能换到考文顿,李欣,22
551,巅峰哈登和巅峰詹姆斯，谁得分能力更强？,13142531,21
552,看了这两场球感觉威少已经找到正确的打法了,青春YM,21
553,如果08年季后赛，把阿泰换成哈登与姚明搭档，火箭第二轮能踏过湖人吗？,巨型混凝土河马,21
554,不懂就问，火箭当年四大小前锋，现在都在那,建议一个罚球算两分,21
555,威少本赛季还有希望进全明星吗？,布莱顿硬糖,20
556,场均30.5+9.2+3.9带队拿下冠军，这都不算联盟第一人我真不知道谁能说自己是,巨型混凝土河马,20
557,德安东尼执教真的不行么,不好意思那,20
558,老詹和阿杜,LBJ卍皇帝,20
559,那年回忆,狗蛋粑粑,20
560,有没有一些人，你知道他不是历史第一，但是你仍然觉得巅峰的他是无法战胜的,aly35,20
561,凯尔特人看着比雄鹿还强，感觉今年黄绿大战可能性很大,虎扑JR0521295131,20
562,现在来看，威少换保罗这笔交易，谁转了谁亏了？,小饱儿,20
563,目前联盟最具交易价值球员是谁？,乙丙丁,20
564,这五个状元都在巅峰，组成的阵容竞争力应该也很强的吧？,胡歌的李逍遥,20
565,[话题团]东征三连败+最近六场输掉五场，掘金的危机已经开始了？,蒂姆关古威,19
566,要到了张宁陈磊的合照,尚哥哥爱丁彦雨航,19
567,杜兰特需要多久才能超越奥拉朱旺成为前十守门员呢？,BURNLLH35,19
568,詹姆斯生涯搭配最强的队友是谁？,一式英明,19
569,这保罗啥情况？怎么又开始刷屏了？,你来以前我们已经夺冠了,18
570,纳什为何年过三十步入巅峰？而且是那种爆发式式提升,eaglehiver,18
571,本赛季字母哥若拿下MVP，那他的历史地位是否就超越了詹姆斯哈登呢？,超巨007,18
572,杜兰特拿健康换了2冠2fmvp，值得吗？,托尼托尼帕克9,18
573,成长到现在的英格拉姆可以和恩比德相提并论了吗？,小小小龙卷,18
574,詹姆斯的三分正处在生涯最佳的水平,AT_TA,18
575,小卡的猛龙首冠和詹姆斯的骑士首冠，有什么异同？,偶像已死有事烧纸,18
576,不谈战绩，什么队友可以让老詹数据爆炸？,哈登思勒母,17
577,这是nba最慷慨的老板之一了吧？,Hosem666,17
578,当年的跑轰太阳队，放现在联盟会是什么水平？,巨型混凝土河马,17
579,哈登是否可以算是这个时代的“乔丹接班人”？,chinnoe,17
580,球哥最近状态怎么这样差啊 还能打出来了了嘛？,就Ta妈祢叫夏洛啊,17
581,抛开国家，姚明在篮球世界的成就和朴智星在足球世界的成就，哪个更高一些？,哥们你练了多久,17
582,明天开始绝大多数比赛腾讯都播了,络腮胡名宿,17
583,42岁的卡特这数据不香吗,大飞fire,17
584,这，这啥？给整傻了,巴曼锦菡皇Dame,17
585,选出你心中的中投小王子,我扶墙了,17
586,现在联盟有詹科双蜜，詹库双蜜，詹杜双蜜，詹哈双蜜，为什么没有詹卡双蜜呢,用户0309365216,17
587,这个赛季联盟前十到底有没有吉米.巴特勒一个位置！,chenwenchaohao,16
588,有一说一，哈登的打法很难赢得总冠军,梅西卡卡C罗库里哈登詹姆斯黑,16
589,[话题团]不再西强东弱？东部排名前五的球队主场本赛季达到54胜3负,蒂姆关古威,16
590,眉眉不开心,RoyalMamba,16
591,为什么外线球员单打可以不停运球甚至到拖最后再出手都可以,hp配图王,16
592,还记得当年猛龙让联盟闻风丧胆的五大悍将,一窝窝本小孩,16
593,最适合姚明的组织后卫是谁？,大汐牛,16
594,为什么库里投篮，解说都喜欢用扔这个字,张吉打毛,16
595,东部前四目前主场加起来44胜1负什么水平？,我是你大野野,16
596,保罗会不会和乐福互换呢,1anme,15
597,不知不觉，爵士战绩从第二档掉到了第三当,建议一个罚球算两分,15
598,追梦格林真的能换热巴吗？,我真的不懂球,15
599,NBA常规赛历史得分榜,茶底,15
600,上场唐斯防守浓眉时，浓眉13中8，其实命中率不高,cgd95123,15
601,【奔袭】湖北经济学院站：年关大戏，强强对话！长沙vs武汉城际对抗赛来了,路人王,15
602,求科普，为啥现在热火突然这么猛？,容易饿的废话,15
603,字母哥在国际赛场比杜兰特差太多了吧？,真球王梅西,15
604,沃格尔不错啊，为啥步行者下课了,lilili352,15
605,哈登虽然还是很强，但可能无法超越乔丹了。,威少真得很强,15
606,[流言板][视频]强势隔扣！英格拉姆直杀禁区强硬隔扣德拉蒙德,虎扑篮球新闻,15
607,客观讨论目前表现的一阵，二阵，只讨论截止目前表现的。,我爸爸对我说,15
608,谁是魔术队史第一人？,亚美利甘合众国总统维金斯,15
609,詹姆斯当年转会热火，以热火身份回骑士，那个主场氛围简直震天动地，山呼海啸，这种恐怖氛围的压抑,凯里莫,15
610,ESPN：东部30大球星,建议一个罚球算两分,14
611,真不希望看到塔克被交易,重案组之虎达叔,14
612,现在真的庆幸卢指导没来湖人,伊滕博文,14
613,为什么总有人说快船球迷现在突然变多了都是赢球迷,小卡迪巴拉,14
614,美媒预测的本赛季西部全明星名单，你们认为靠谱么？,还珠楼主任飘渺,14
615,联盟四大詹姆斯，谁的实力最弱?,建议一个罚球算两分,14
616,翻了翻赛程表，为啥这个赛季湖人和火箭常规赛只交手一次？,无心1949,14
617,有没有三十年热蜜？热火今年怎么突然那么强了？尤其主场未尝败绩。,6布鲁斯韦恩23,14
618,GIF 马修斯溜底线拉杆被艾萨克识破，惨遭大帽,斯科拉暴力拉杆,14
619,我来客观的说一下乐福的优缺点吧，看看哪路球迷想要。,Ayesha咬我,14
620,理性讨论，詹姆斯有没有建立过王朝,负伤的雇佣兵,14
621,戈登换掘金格兰特可行吗,海蓝时见鲸哇,14
622,这贝尔坦斯太牛了吧！,这个名字肯定有用,14
623,2019 nba cba 扣篮王pk 看看两个什么差距,nba总代理饮水机,14
624,为什么CBA在广大人民群众的眼中口碑这么差？,取ID困难症,14
625,再见四大分卫！卡特：会参加扣篮大赛来结束自己的生涯！,一代战神科比,14
626,[流言板]多支季后赛球队在关注着罗伯特-科温顿的可交易性,虎扑篮球新闻,14
627,看到这组图片真的暖心 师徒情谊,NBA德文布克,13
628,街上天天骂杨毅，那么真比他懂球的有多少？,lilili352,13
629,明天尼克斯背靠背客场打勇士，预测尼克斯至少输10分以上,巴特尔实力得戒指,13
630,所有球星突破精彩进球里韦德的挡拆是最多的,加时赛2分,13
631,NBA历史最强的战术核心就是巅峰沙克奥尼尔！,jordan929520,13
632,后卫出身，五项基础数据全部历史前50，加内特是否是NBA历史最全面球员！,jordan929520,13
633,老詹季后赛总得分能破8000吗？,我湖退役老詹球衣,13
634,刚看数据发现科比常规赛季后赛场均数据几乎一样，什么水平,cloudxj,13
635,独行侠要掉队?这不是刚干了火箭和湖人吗？,德利谟里克,13
636,目前詹姆斯季后赛总数据没有超越科比的只有四项，其中有一项永远无法超越,詹皇西狩,13
637,恩恩在联盟没有朋友吧,朱公子来了,13
638,[流言板]Windhorst：乐福的交易市场并不强大，问题在他的合同,虎扑篮球新闻,13
639,相比于詹姆斯，科比被严重低估了。,科神的好兄弟,12
640,湖人应该加强主力轮休，谨防球队“脆断”！,一捧西红柿,12
641,Giannis的实力究竟有多强？和DH12与kg相比如何？,巅峰三年,12
642,森林狼6号秀贾勒特-卡尔弗哥哥JJ-卡尔弗暴砍100分,斯科拉暴力拉杆,12
643,NBA ／布莱恩飙骂林书豪他还原现场,大风没大浪,12
644,东契奇9.2个助攻联盟第一，他的模板应该是谁？,戈登娇妻黄玉敏,12
645,我的历史前十排名，客观真实,生命力777,12
646,[流言板]巴克利：之前认为76人会杀入总决，但他们现在毫无机会,虎扑篮球新闻,12
647,需要跳这么高吗？嘴哥空篮劈扣！,木土丷三牛寺,12
648,戴维斯会带领湖人走向荣光吗？,偶像已死有事烧纸,12
649,求助jrs，哪里看英文源的NBA直播,程咬金说我来团,12
650,后撤步三分确实是哈登发扬光大的，那到底是谁最早有一定的使用率的？,凌晨两点的月亮,12
651,森林狼赶紧换主教练吧，卢指导来了，最起码就打唐斯维金斯啊,战狼西蒙斯,12
652,这4支球队加入乐福，哪支加成最大？,封号斗罗ig,12
653,为了卫冕冠军的荣耀，多伦多是否可以交易伊巴卡换取佳丽纳里,康康丽丽,12
654,来看看01-02赛季姚明季后赛的命中率表现，恐怖如斯,约翰蓝侬7,12
655,乐福加入这4支球队，对哪支球队加成最大？,詹林林睿,11
656,魔鸟时代！85年总决赛十佳球！,传奇重现,11
657,西帝这是历史第一天勾的水平？贾巴尔望尘莫及啊,唠嗑五中一辣,11
658,假如上赛季被流放北境却带队夺冠的人是詹姆斯，能被吹到啥高度？,小瓶盖喵了个喵,11
659,隆多这个赛季的投篮热度什么水平？最强射手已在阵中？,用户0957769891,11
660,德安东尼会是本赛季第一个下课的教练吗？,lilili352,11
661,[趣味事实]史上最老新秀！和浓眉哥同届的普里吉奥尼比前者年长整整16岁,孟克_巴特尔,11
662,细数NBA现役的网红球员有多少,LeBronJames567,11
663,我有一事不解，小卡个人健康管理不断轮休，快船给的工资打折吗,莺歌真小帅,11
664,掘金的穆雷怎么回事？,Hosem666,11
665,没想到我还是个预言家,登哥厉害啊,11
666,只看数据 安东尼输新世纪前10的球员吧,建议一个罚球算两分,11
667,76人这个新秀赛布尔啊，真的让人太口水了！,白夜叉丨银时,11
668,现在看锡伯杜和狼管是不是很有趣的组合,虎扑JR0521295131,11
669,巴特勒为什么这么硬？,用户1746119846,11
670,给个权威的答案吧：詹姆斯今年到底多大了？,偶像已死有事烧纸,10
671,小弟想入一件麦迪球衣，大佬们来看看正不正？福利我懂,KD就是牛逼,10
672,字母哥目前为止的高阶数据太吓人了,rophy,10
673,罗斯威少马布里三人中谁身体素质最好！,jordan929520,10
674,不懂就问，为什么风格类似，同样是从球队老四开始打起，隆多能打出来而球哥不能?,醍醐蔡恩给你来个暴扣,10
675,老哥们，近视手术全飞秒和准分子有什么区别吗,给我份大合同,10
676,一人来一个冷门的逆天拉杆动图,那就这样吧zyp,10
677,198cm的追梦格林和198cm丹尼格林，为什么追梦被称为锋线？,一生惆怅,10
678,高铁站偶遇路人王白晶,陆宜桑吃橘子,10
679,火箭的杰拉德格林去哪了，JRS有谁知道,虎扑JR1134038241,10
680,老詹离开热火后，好像就没有抽筋吧？在骑士2.0，也没有吧，但是那时不是更累嘛？,西虹市首富不是药神,10
681,追梦俩2阵3冠军3一防2二防dpoy3全明星，历史地位，前100无疑,建议一个罚球算两分,10
682,如果姚明能每场增加五分钟的体能会怎样,yichang7681946,10
683,自称赢过李观洋，憾负李瑞的低调万金油郭洋在路人王是个什么水平,奔雷先生,10
684,防守效率前十，东部独占7席，东部确实应了球迷的那句话，拼防守，肉搏战？,小瓶盖喵了个喵,10
685,东77将来就是NBA历史第一的playmaker,raccoon1,10
686,百思不其解，你们图啥？,gigigigigigigg,10
687,平心而论，托拜厄斯哈里斯是不是NBA里比较会穿衣服的人,Bright西瓜,10
688,不懂就问NBA历史上有没有这种情况,风归风吕归尘,10
689,为何勇士巨头一伤，全联盟顿时群雄并起？,黑恶猫,9
690,根据《指环王》的凯文·奥康纳所说。火箭队对森林狼前锋科文顿有很大的兴趣,哈登威少是CP,9
691,职业生涯per值 戴维斯追上詹姆斯了啊 不懂就问 这数据有啥参考性吗？,就尽快上课,9
692,布罗格登 更像哪一位的球风？？,nickvisen,9
693,给现在的马刺队邓肯罗宾逊能不能夺冠？,金州杜兰特2020,9
694,2019推特十大最火男运动员！詹姆斯、莱昂纳德、科比上榜,詹林林睿,9
695,我真的期待詹姆斯退役之后的采访或者是回忆录,加贺恭哥,9
696,安东尼今天状态一般啊,Hosem666,9
697,巴特勒能进这赛季的东部全明星吗？,用户1938388809,9
698,关于大环境的评价为什么巴特勒和保罗在SHH是两种截然不同的结果？,8911141124,9
699,预测贴：19-20赛季总冠军将会落入谁手?,不老篮神勒布朗,9
700,[流言板]手到擒来！利拉德三节8记三分砍下31分2篮板6助攻,虎扑篮球新闻,9
701,我寻思这又是盗的虎扑图吧…,Kute,9
702,真的感觉现在西弱东强了,马蓉组团李小璐,8
703,希望湖人能拿三连冠,虎扑JR0753844264,8
704,浓眉除了三分和投射应该没有能和字母抗衡的吧？,阿里巴巴之父兼浙商联盟话事人,8
705,麦迪和安东尼光看颜值谁帅？,Tracy19870911,8
706,掘金小波特这话，和周琦那个梗没什么不同吧？,紫川秀_洗月,8
707,“模仿帝”视频！,虎扑JR1322745515,8
708,最后一个赛季的卡特参加扣篮大赛听说 他会是冠军吗,卢本伟牛b哦,8
709,森林狼不可能进季后赛了，好好准备选秀重建吧,战狼西蒙斯,8
710,不是说曾经是三巨头么，怎么现在欧文乐福这样了？,可爱的老虎,8
711,男篮绝杀斯洛文尼亚和惜败波兰，哪个会被历史铭记的更久？,ljn19911007,8
712,约基奇是不是被我坑了？？,3分联盟,8
713,aj11黑红    &    aj6大巴黎  你pick 谁,起个b名费死劲哦,8
714,这图里的外线在巅峰状态，现在哈登能安排谁！,jordan929520,7
715,大家觉得杜兰特的能力和詹姆斯比如何 始终觉得阿杜有能力和老詹一档,沉默会上瘾,7
716,有点怀念杜兰特和库里了,虎扑JR1172603526,7
717,比赛终场前1秒两队持平，两万多人同时嘘你，你去罚球，你有信心罚进么？,可以给肖华写邮件投诉啊,7
718,斯波教练在加时赛18比0之后的眼神，真的厉害,用户1938388809,7
719,不懂就问：总决赛如果两支球队战绩一样谁有主场优势？,山川相缪,7
720,今年算不算球迷预测结果普遍一致的总决赛？,支持邓肯_马刺必胜,7
721,雄鹿高歌猛进15连胜！谁将阻止他们继续连胜？,虎扑JR1689256139,7
722,来个奇葩点的问题吧   以下9人谁的发际线最完美,紫金丶24号,7
723,还以为雷霆战绩不行,追月随风吧,7
724,想要和小南老师一起运动ｸﾞｯ!(๑•̀ㅂ•́)و,妖艳芬芳,7
725,罗斯：内心毫无波动甚至有点想睡觉？,天哥工作室,7
726,留意到莫兰特的左手非常稳，去片！,酒鬼醉貓,7
727,热火斯波什么水平,名宿的品格NIGUU,7
728,罗斯要是这赛季能拿冠军加个fmvp就好了,戒了烟我怎么办,7
729,NBA联盟中，是不是叫强森的球员最多啊,叶_孤城,7
730,GIF马龙暴怒吃T,KITE_TnT,7
731,不吹不黑，这几组五小阵容谁更强（都是巅峰期）？,爱骑电动车的登哥,6
732,奥尼尔和科比，詹姆斯和欧文受到防守待遇是一样的吧？,kingram1,6
733,今年带队能力是字母强还是哈登强还是詹姆斯强？,用户1837430954,6
734,这几年的勇士到底有多强？ 多次击败詹姆斯带领的骑士,正健投资CEO,6
735,如果泰伦卢没有拒绝湖人的主教练席位，这赛季可以打成现在这样吗？,雪纷纷旧故里草木深,6
736,[流言板]真实！别利察投中绝杀时队友贾尔斯的一系列反应亮了,虎扑篮球新闻,6
737,科总决赛比胜率高是否说明他能力超强，带队有方？,梦之想,6
738,黄蜂（山猫）12年和13年有机会翻身的,封号斗罗ig,6
739,GDP和海啸兄弟谁能全部进入名人堂？,德一定,6
740,[话题团]两战29分4篮板6助攻，老兵卡特本赛季还能带来怎样的表演？,庄晓晨,6
741,你觉得最惨的一张球星背景板,那就这样吧zyp,6
742,GIF：看看老詹的长传！,Akron的皇帝,6
743,原来哈登已经出手了这么多三分 txtx,RussellMan,6
744,十年了，终于是要等到了！！,拉风1aA,6
745,如果斯特恩还是总裁，现在哪名球员被影响最大,不好意思那,6
746,追梦被进了现役历史巨星，那么他是不是勇士王朝的“皮蓬”？,京州市李达康666,6
747,阿隆戈登控球完全不输3号位吧？,upghallofsins,6
748,火箭被绝杀侧面揭示了火箭最后还是没有贯彻魔球到底,一代猫王Wallace,6
749,8年前的12月9日，NBA否决了保罗去湖人的交易。,市民Y先生,6
750,NBA2kol2游戏中和现实相比，哪支球队的实力有翻天覆地的变化？,谁弟弟,6
751,要是乐福加盟开拓者，后年阿德可以一年底薪回去吗？,塞尔特人五巨头,6
752,伊戈达拉的扣篮冠军是不是被黑了！,jordan929520,6
753,鹈鹕现在的想法是不是这样的。,梅西不会踢点球,6
754,请教老哥们。在哪可以查球队未来选秀权情况,卡卢_东契奇,6
755,街球这个动作叫什么名字啊，有什么训练方法吗,lover休斯顿,6
756,［看图猜人］,八斤的前半生,6
757,雄鹿为什么强？听我细细道来,虎扑JR1086807913,6
758,纯好奇：今年杜兰特确定赛季报销的情况下，篮网到底需要支持多少他的年薪？,麦兜唔係萌奶瓶,5
759,有谁曾经注意到过这一幕,渠渠总动员,5
760,听说你们喜欢看后仰？,青柠果酱,5
761,原来易建联曾经也很活跃，也是个话痨。,出猫唔好太高分,5
762,塞布尔今天可以啊,Hosem666,5
763,这个对位怎么样？,勒布朗詹棒棒,5
764,鹈鹕一言难尽，三节莺歌18中9，其余42中10。。。,昔年若笙歌,5
765,格拉汉姆29分 贝尔坦斯32+9 八村塁18+12 黄蜂6人上双力克奇才,雪雨诺,5
766,1米九不到的控卫对比2米出头的控卫哪个好？,jpumjg,5
767,请问，3连赛季3双，这个荣誉价值如何？,暗月绝影,5
768,试问维金斯的发展空间有多难,空调徐伦,5
769,[流言板]目睹贝尔坦斯神奇表演，奇才替补席众将“疯了”！,虎扑篮球新闻,5
770,热火四巨头出场时间都是42+?刷数据实锤了吧,建议一个罚球算两分,5
771,已经完全没有突破速度和爆发力的保罗是怎么把雷霆带到前8的,降A大调Waltz,4
772,恩比德其实很软，只是假装强硬,天生赢家伦纳德,4
773,感觉联盟现在星味淡了好多,梅西卡卡C罗库里哈登詹姆斯黑,4
774,【王不见王】2000s十年最佳科比和2010s最佳詹姆斯如果总决赛交手了。,德利谟里克,4
775,【新人榜】1米74的扣篮王！来自小县城的彝族男孩——黄劲旋,死奏怜音玲珑之终,4
776,各位JRS，广厦队啦啦队这波什么水平？,JRS拉风,4
777,5绝确实并不是最合理，皇神杜佛梦才是最强的！,想上岸戒HP,4
778,这五年都是菜鸟教练夺冠，说明什么,钢筋18,4
779,今天率队打火箭，致敬保罗,我是里奇保罗,4
780,威少的大合同过两年之后怎么办。。。。,小饱儿,4
781,贝尔坦斯和乔哈里斯谁更“好”？,步行街每日话题,4
782,理性讨论，历年的第一人都是哪位球员？,我太南辽,4
783,关于半月板撕裂，韧带损伤。懂得老哥进来看看。,melo柯基,4
784,东契奇情商也很高啊,benegenie,4
785,看了半节 勇士对灰熊，居然比想象中好看,luonv,4
786,突然有这么个想法，假如十年后09双铁都退役了，在tnt上碰面会怎么样？,无敌沙巴克,4
787,麦迪的帅无人能及,高中生乐邦,4
788,同样有两个高性能服务器的前提下，热备与负载均衡的系统部署模式，哪个效果更好？,小瓶盖喵了个喵,4
789,【视频】玫瑰永不凋零，罗斯生涯关键球绝杀集锦,用户1631246474,4
790,威少MVP赛季季后赛对阵火箭是个什么水平,小童能突能投,3
791,欧文生涯居然从没有拿到过MVP票数,Hazard摆大巴,3
792,看清楚克6这球是怎么过的人了吗？,八了个两,3
793,凯文-奥康纳：灰熊愿意降低一哥报价（首轮签降为次轮），但仍无买断打算,hlt20122,3
794,涨知识了，乔丹自己说他偶像是奥拉朱旺。,EELKU,3
795,梦一和梦八打一个系列赛你看好谁？,吴彦祖的长相,3
796,各位恩比德这球走步么,risnukha,3
797,我预测今年全明星票王，东其其,频繁换女友,3
798,为什么森林狼选的外线新秀都很难打出来？,比赛前比赛后,3
799,本人十六 一百三十斤 从小腿就粗 粗的不合比例求解,他在打2k,3
800,巴雷特有点令人失望啊,Hosem666,3
801,利指导今天发挥什么水平？,Hosem666,3
802,这五个人你最喜欢谁的扣篮，放图出来！,jordan929520,3
803,同样是华人之光，书豪和吴亦凡谁加入中国国籍更简单？,ljn19911007,3
804,本赛季结束哈登三分出手数历史第二，命中数第四,琪实我很简单,3
805,[流言板]加洛韦：罗斯是联盟史上最年轻的MVP，这是有原因的,虎扑篮球新闻,3
806,又帅又能打的库兹马大学pac12时期精彩集锦！库兹马赶紧把持球练起来啊！,八了个两,3
807,巴雷特现在什么水平？,达先生的ID,3
808,万能的老哥们  求一张科比退役前进球员通道背影的壁纸  感激不尽,Loooooper,3
809,提到被联盟打压，除了哈登你还想起了谁？,Knopflyr,2
810,湖人三高到底有多强，能把巅峰霍华德命中率限制到48.8%，只得15.4分,韦斯特他爹,2
811,致敬张伯伦！卡尔弗哥哥在一场大学比赛中狂轰100分,三道茶13,2
812,突然想到一个问题，央视以后都不会转播nba了吗,老詹隔扣别利察,2
813,206法案对詹姆斯记录的影响,如是我吻,2
814,国王官方推特发布一条动态：“去抗议这个绝杀吧！”什么意思？,溢洋宝贝,2
815,保罗戏耍戈贝尔这球让我想到了另一个3号和那一个13号,伟大不限于球场,2
816,外线防守最牛比的现役球队是那支？,只看破骑,2
817,都说湖人历史队天下无敌,kratoszzz,2
818,nike都穿43码   米切尔一代穿多大码呢,kg只有一个狼王,2
819,历史十大球星排名,仰视人物詹姆斯,2
820,小乌布雷,一顿饭三泡si,2
821,这个老汉有点猛啊，这是真是假，真的话力量也太强了吧,她和她,2
822,德文布克这赛季的篮下终结能力进步相当大,0号特工60分战科比,2
823,勇士，前湖人，现湖人，火箭,虎扑JR1035560347,2
824,火箭最后一攻一防还是那个味没变,十年铁弗寺,2
825,老将去马刺数据为何都会下降得如此厉害,Rustic盖,2
826,现如今联盟为什么越来越多的大分差比赛？动不动就四五十分,迈阿密牛津,2
827,问一下JR们，乐福到底可以何去何从？,陈先生feng,2
828,[流言板][前瞻]伦纳德重回多伦多，双十二你的总冠军戒指到了,虎扑篮球新闻,2
829,东西部战绩而论，真正顶级的球员是不是能够提升大区的整体实力？,打我呀笨蛋,2
830,大学时期的奥尼尔就是四个字--高举高打！！,小鹿自己动,2
831,论那些唯独在2K中强无敌的队伍,wuooo61,2
832,森林狼队为什么都不爱投45度中距离，还有比这个更奇葩的投篮图吗？,水瓶座的猫l,2
833,东部格局分析,nbmz1,2
834,就目前战绩来看，是不是要改变一下西强东弱的观点了？,凯撒模式,2
835,假如詹姆斯没去骑士 欧文地位会更高吗？到底是不是拯救了詹姆斯？,17凯暴揍骑士,1
836,联盟各队铁杆队密有多少？欢迎投票,麦迪和哈登,1
837,强劲的新人！纳恩轰下36分创个人单场得分新高,虎扑JR0158604397,1
838,为了救球跳到界外，人出界球未出界，进来后还能不能继续持球？,Cage-Zhou,1
839,湖人队史球星是不是可以分为史前四巨头，showtime三巨头，OK三巨头，詹眉,建议一个罚球算两分,1
840,贴吧这新闻什么水平，成功把我骗进去了。,闪开我要装逼了,1
841,才看完灌篮2，原来决赛打得是一群小孩?,水花大旗旗手张督尉,1
842,或许这就是爱情和篮球该有的样子,东想西想的,1
843,各位JR品一品LOL英雄在篮球界1v1是什么水平,Sain_FlaMe,1
844,西部球队胜率平均和东部球队胜率悬殊大的根本原因,小瓶盖喵了个喵,1
845,推特公布了2019年全球各项话题讨论度的排名榜单，前十只有湖人一家篮球队！,溢洋宝贝,1
846,弗莱质疑老鹰:不该让卡特打加时难道球队没有锋线球员了吗？,Mvb13Feng,1
847,艾弗森和卡特的这个配合如何，卡特这个扣篮难度不小,前妻很肥要出大根,1
848,08梦之队来打现在尼克斯勇士，几几开？,西亚首富张琳芃,1
849,来谈谈湖人快船各自的交易,虎扑JR1316162843,1
850,热火这几名优质球员工资什么水平？,比赛前比赛后,1
851,怎么回怼不会违规,看望垃圾,1
852,美媒一定比你懂球？未必！不信请看这图,科科砲詹詹,1
853,Center:字母歌2013-14新秀赛季总共15胜。本赛季雄鹿目前15连胜,哈登威少是CP,1
854,湖人队Double Stagger战术详解,篮球战术研究所,1
855,NBA这么多球星跟数学家重名。。。。,建议一个罚球算两分,0
856,头盔野球场普通人???,不到四万不改名,0
857,这样评价詹黑公平吗？,萌主F,0
858,欧文今年还能进全明星吗？,EJ酱大战比利,0
859,邓肯和科比拿FMVP的总决赛都好铁阿,Hazard摆大巴,0
860,木村光希今天来厦门万象城的FILA了,加拿大皇家骑警,0
861,感觉联盟现在星味淡了好多,梅西卡卡C罗库里哈登詹姆斯黑,0
862,东部球队从选秀到培养新人，为何能够如此之差？,湖人队魂拉塞尔,0
863,帮忙看看鞋磨脚,詹姆斯老舅,0
864,科比和布尔西亚的是什么关系？,虎扑JR0070399222,0
865,雷霆究竟错在哪里,英格拉姆不相信失败,0
866,怎么提高合球出手速度？,只看破骑,0
867,观步行街一贴有感，身高175以下扣篮难还是百米破11秒难？,科詹杜威库卡登,0
868,数据分析东西前5强强对话表现，是否东强西弱,虎扑JR1784916334,0
869,这两场比赛肥卡三分回暖 大家看看这个什么水平,Vc到哪都大腿,0
870,大家当时看这场球什么感觉！,仰视人物詹姆斯,0
871,JR们，劝和还是劝分？,低调花小生,0
872,骑士队队史十大球星，这队史有点寒酸！,仰视人物詹姆斯,0
873,中锋时代回来了？茂凯大帽诺手,虎扑JR0743024926,0
